Rk,Squad,MP,W,D,L,GF,GA,GD,Pts,Pts/MP,xG,xGA,xGD,xGD/90,Attendance,Top Team Scorer,Goalkeeper,Notes,Rk_2023-2024,Home-MP,Home-W,Home-D,Home-L,Home-GF,Home-GA,Home-GD,Home-Pts,Home-Pts/MP,Home-xG,Home-xGA,Home-xGD,Home-xGD/90,Away-MP,Away-W,Away-D,Away-L,Away-GF,Away-GA,Away-GD,Away-Pts,Away-Pts/MP,Away-xG,Away-xGA,Away-xGD,Away-xGD/90,# Pl,Age,Poss,Playing Time-MP,Playing Time-Starts,Playing Time-Min,Playing Time-90s,Performance-Gls,Performance-Ast,Performance-G+A,Performance-G-PK,Performance-PK,Performance-PKatt,Performance-CrdY,Performance-CrdR,Expected-xG,Expected-npxG,Expected-xAG,Expected-npxG+xAG,Progression-PrgC,Progression-PrgP,Per 90 Minutes-Gls,Per 90 Minutes-Ast,Per 90 Minutes-G+A,Per 90 Minutes-G-PK,Per 90 Minutes-G+A-PK,Per 90 Minutes-xG,Per 90 Minutes-xAG,Per 90 Minutes-xG+xAG,Per 90 Minutes-npxG,Per 90 Minutes-npxG+xAG,# Pl_2023-2024,Age_2023-2024,Poss_2023-2024,Playing Time-MP_2023-2024,Playing Time-Starts_2023-2024,Playing Time-Min_2023-2024,Playing Time-90s_2023-2024,Performance-Gls_2023-2024,Performance-Ast_2023-2024,Performance-G+A_2023-2024,Performance-G-PK_2023-2024,Performance-PK_2023-2024,Performance-PKatt_2023-2024,Performance-CrdY_2023-2024,Performance-CrdR_2023-2024,Expected-xG_2023-2024,Expected-npxG_2023-2024,Expected-xAG_2023-2024,Expected-npxG+xAG_2023-2024,Progression-PrgC_2023-2024,Progression-PrgP_2023-2024,Per 90 Minutes-Gls_2023-2024,Per 90 Minutes-Ast_2023-2024,Per 90 Minutes-G+A_2023-2024,Per 90 Minutes-G-PK_2023-2024,Per 90 Minutes-G+A-PK_2023-2024,Per 90 Minutes-xG_2023-2024,Per 90 Minutes-xAG_2023-2024,Per 90 Minutes-xG+xAG_2023-2024,Per 90 Minutes-npxG_2023-2024,Per 90 Minutes-npxG+xAG_2023-2024,90s,Goals-GA,Goals-PKA,Goals-FK,Goals-CK,Goals-OG,Expected-PSxG,Expected-PSxG/SoT,Expected-PSxG+/-,Expected-/90,Launched-Cmp,Launched-Att,Launched-Cmp%,Passes-Att (GK),Passes-Thr,Passes-Launch%,Passes-AvgLen,Goal Kicks-Att,Goal Kicks-Launch%,Goal Kicks-AvgLen,Crosses-Opp,Crosses-Stp,Crosses-Stp%,Sweeper-#OPA,Sweeper-#OPA/90,Sweeper-AvgDist,90s_2023-2024,Goals-GA_2023-2024,Goals-PKA_2023-2024,Goals-FK_2023-2024,Goals-CK_2023-2024,Goals-OG_2023-2024,Expected-PSxG_2023-2024,Expected-PSxG/SoT_2023-2024,Expected-PSxG+/-_2023-2024,Expected-/90_2023-2024,Launched-Cmp_2023-2024,Launched-Att_2023-2024,Launched-Cmp%_2023-2024,Passes-Att (GK)_2023-2024,Passes-Thr_2023-2024,Passes-Launch%_2023-2024,Passes-AvgLen_2023-2024,Goal Kicks-Att_2023-2024,Goal Kicks-Launch%_2023-2024,Goal Kicks-AvgLen_2023-2024,Crosses-Opp_2023-2024,Crosses-Stp_2023-2024,Crosses-Stp%_2023-2024,Sweeper-#OPA_2023-2024,Sweeper-#OPA/90_2023-2024,Sweeper-AvgDist_2023-2024,Performance-GA,Performance-GA90,Performance-SoTA,Performance-Saves,Performance-Save%,Performance-W,Performance-D,Performance-L,Performance-CS,Performance-CS%,Penalty Kicks-PKatt,Penalty Kicks-PKA,Penalty Kicks-PKsv,Penalty Kicks-PKm,Penalty Kicks-Save%,Performance-GA_2023-2024,Performance-GA90_2023-2024,Performance-SoTA_2023-2024,Performance-Saves_2023-2024,Performance-Save%_2023-2024,Performance-W_2023-2024,Performance-D_2023-2024,Performance-L_2023-2024,Performance-CS_2023-2024,Performance-CS%_2023-2024,Penalty Kicks-PKatt_2023-2024,Penalty Kicks-PKA_2023-2024,Penalty Kicks-PKsv_2023-2024,Penalty Kicks-PKm_2023-2024,Penalty Kicks-Save%_2023-2024,Tackles-Tkl,Tackles-TklW,Tackles-Def 3rd,Tackles-Mid 3rd,Tackles-Att 3rd,Challenges-Tkl,Challenges-Att,Challenges-Tkl%,Challenges-Lost,Blocks-Blocks,Blocks-Sh,Blocks-Pass,Int,Tkl+Int,Clr,Err,Tackles-Tkl_2023-2024,Tackles-TklW_2023-2024,Tackles-Def 3rd_2023-2024,Tackles-Mid 3rd_2023-2024,Tackles-Att 3rd_2023-2024,Challenges-Tkl_2023-2024,Challenges-Att_2023-2024,Challenges-Tkl%_2023-2024,Challenges-Lost_2023-2024,Blocks-Blocks_2023-2024,Blocks-Sh_2023-2024,Blocks-Pass_2023-2024,Int_2023-2024,Tkl+Int_2023-2024,Clr_2023-2024,Err_2023-2024,SCA-SCA,SCA-SCA90,SCA Types-PassLive,SCA Types-PassDead,SCA Types-TO,SCA Types-Sh,SCA Types-Fld,SCA Types-Def,GCA-GCA,GCA-GCA90,GCA Types-PassLive,GCA Types-PassDead,GCA Types-TO,GCA Types-Sh,GCA Types-Fld,GCA Types-Def,SCA-SCA_2023-2024,SCA-SCA90_2023-2024,SCA Types-PassLive_2023-2024,SCA Types-PassDead_2023-2024,SCA Types-TO_2023-2024,SCA Types-Sh_2023-2024,SCA Types-Fld_2023-2024,SCA Types-Def_2023-2024,GCA-GCA_2023-2024,GCA-GCA90_2023-2024,GCA Types-PassLive_2023-2024,GCA Types-PassDead_2023-2024,GCA Types-TO_2023-2024,GCA Types-Sh_2023-2024,GCA Types-Fld_2023-2024,GCA Types-Def_2023-2024,Total-Cmp,Total-Att,Total-Cmp%,Total-TotDist,Total-PrgDist,Short-Cmp,Short-Att,Short-Cmp%,Medium-Cmp,Medium-Att,Medium-Cmp%,Long-Cmp,Long-Att,Long-Cmp%,Ast,xAG,Expected-xA,Expected-A-xAG,KP,1/3,PPA,CrsPA,PrgP,Total-Cmp_2023-2024,Total-Att_2023-2024,Total-Cmp%_2023-2024,Total-TotDist_2023-2024,Total-PrgDist_2023-2024,Short-Cmp_2023-2024,Short-Att_2023-2024,Short-Cmp%_2023-2024,Medium-Cmp_2023-2024,Medium-Att_2023-2024,Medium-Cmp%_2023-2024,Long-Cmp_2023-2024,Long-Att_2023-2024,Long-Cmp%_2023-2024,Ast_2023-2024,xAG_2023-2024,Expected-xA_2023-2024,Expected-A-xAG_2023-2024,KP_2023-2024,1/3_2023-2024,PPA_2023-2024,CrsPA_2023-2024,PrgP_2023-2024,Att,Pass Types-Live,Pass Types-Dead,Pass Types-FK,Pass Types-TB,Pass Types-Sw,Pass Types-Crs,Pass Types-TI,Pass Types-CK,Corner Kicks-In,Corner Kicks-Out,Corner Kicks-Str,Outcomes-Cmp,Outcomes-Off,Outcomes-Blocks,Att_2023-2024,Pass Types-Live_2023-2024,Pass Types-Dead_2023-2024,Pass Types-FK_2023-2024,Pass Types-TB_2023-2024,Pass Types-Sw_2023-2024,Pass Types-Crs_2023-2024,Pass Types-TI_2023-2024,Pass Types-CK_2023-2024,Corner Kicks-In_2023-2024,Corner Kicks-Out_2023-2024,Corner Kicks-Str_2023-2024,Outcomes-Cmp_2023-2024,Outcomes-Off_2023-2024,Outcomes-Blocks_2023-2024,Performance-2CrdY,Performance-Fls,Performance-Fld,Performance-Off,Performance-Crs,Performance-Int,Performance-TklW,Performance-PKwon,Performance-PKcon,Performance-OG,Performance-Recov,Aerial Duels-Won,Aerial Duels-Lost,Aerial Duels-Won%,Performance-2CrdY_2023-2024,Performance-Fls_2023-2024,Performance-Fld_2023-2024,Performance-Off_2023-2024,Performance-Crs_2023-2024,Performance-Int_2023-2024,Performance-TklW_2023-2024,Performance-PKwon_2023-2024,Performance-PKcon_2023-2024,Performance-OG_2023-2024,Performance-Recov_2023-2024,Aerial Duels-Won_2023-2024,Aerial Duels-Lost_2023-2024,Aerial Duels-Won%_2023-2024,Playing Time-Mn/MP,Playing Time-Min%,Starts-Starts,Starts-Mn/Start,Starts-Compl,Subs-Subs,Subs-Mn/Sub,Subs-unSub,Team Success-PPM,Team Success-onG,Team Success-onGA,Team Success-+/-,Team Success-+/-90,Team Success (xG)-onxG,Team Success (xG)-onxGA,Team Success (xG)-xG+/-,Team Success (xG)-xG+/-90,Playing Time-Mn/MP_2023-2024,Playing Time-Min%_2023-2024,Starts-Starts_2023-2024,Starts-Mn/Start_2023-2024,Starts-Compl_2023-2024,Subs-Subs_2023-2024,Subs-Mn/Sub_2023-2024,Subs-unSub_2023-2024,Team Success-PPM_2023-2024,Team Success-onG_2023-2024,Team Success-onGA_2023-2024,Team Success-+/-_2023-2024,Team Success-+/-90_2023-2024,Team Success (xG)-onxG_2023-2024,Team Success (xG)-onxGA_2023-2024,Team Success (xG)-xG+/-_2023-2024,Team Success (xG)-xG+/-90_2023-2024,Touches-Touches,Touches-Def Pen,Touches-Def 3rd,Touches-Mid 3rd,Touches-Att 3rd,Touches-Att Pen,Touches-Live,Take-Ons-Att,Take-Ons-Succ,Take-Ons-Succ%,Take-Ons-Tkld,Take-Ons-Tkld%,Carries-Carries,Carries-TotDist,Carries-PrgDist,Carries-PrgC,Carries-1/3,Carries-CPA,Carries-Mis,Carries-Dis,Receiving-Rec,Receiving-PrgR,Touches-Touches_2023-2024,Touches-Def Pen_2023-2024,Touches-Def 3rd_2023-2024,Touches-Mid 3rd_2023-2024,Touches-Att 3rd_2023-2024,Touches-Att Pen_2023-2024,Touches-Live_2023-2024,Take-Ons-Att_2023-2024,Take-Ons-Succ_2023-2024,Take-Ons-Succ%_2023-2024,Take-Ons-Tkld_2023-2024,Take-Ons-Tkld%_2023-2024,Carries-Carries_2023-2024,Carries-TotDist_2023-2024,Carries-PrgDist_2023-2024,Carries-PrgC_2023-2024,Carries-1/3_2023-2024,Carries-CPA_2023-2024,Carries-Mis_2023-2024,Carries-Dis_2023-2024,Receiving-Rec_2023-2024,Receiving-PrgR_2023-2024,Standard-Gls,Standard-Sh,Standard-SoT,Standard-SoT%,Standard-Sh/90,Standard-SoT/90,Standard-G/Sh,Standard-G/SoT,Standard-Dist,Standard-FK,Standard-PK,Standard-PKatt,Expected-npxG/Sh,Expected-G-xG,Expected-np:G-xG,Standard-Gls_2023-2024,Standard-Sh_2023-2024,Standard-SoT_2023-2024,Standard-SoT%_2023-2024,Standard-Sh/90_2023-2024,Standard-SoT/90_2023-2024,Standard-G/Sh_2023-2024,Standard-G/SoT_2023-2024,Standard-Dist_2023-2024,Standard-FK_2023-2024,Standard-PK_2023-2024,Standard-PKatt_2023-2024,Expected-npxG/Sh_2023-2024,Expected-G-xG_2023-2024,Expected-np:G-xG_2023-2024
2,Arsenal,38,28,5,5,91,29,62,89,2.34,76.1,27.9,48.2,1.27,60236,Bukayo Saka - 16,David Raya,→ Champions League via league finish,2,19,15,2,2,48,16,32,47,2.47,43.5,13.5,30.0,1.58,19,13,3,3,43,13,30,42,2.21,32.6,14.5,18.2,0.96,,,,,,,,,,,,,,,,,,,,,,,,,,,,,,,,25,25.0,58.2,38,418,3420,38.0,86,62,148,76,10,10,64,2,76.1,68.5,55.3,123.8,821,2106,2.26,1.63,3.89,2.0,3.63,2.0,1.46,3.46,1.8,3.26,38.0,29,2,1,6,1,24.1,0.26,-3.9,-0.1,157,441,35.6,1058,189,35.1,30.7,195,35.9,31.1,375,48,12.8,59,1.55,17.9,,,,,,,,,,,,,,,,,,,,,,,,,,,,,,,,,,,,,,,,,,29,0.76,83,54,67.5,28,5,5,18,47.4,3,2,1,0,33.3,,,,,,,,,,,,,,,,,610,348,257,246,107,271,543,49.9,272,412,106,306,292,902,515,18,1185,31.18,926,82,58,66,33,20,152,4.0,104,16,8,11,13,0,,,,,,,,,,,,,,,,,,,,,,,,,,,,,,,,,,,,,,,,19094,22558,84.6,309533,102210,9719,10643,91.3,7809,8765,89.1,1178,2162,54.5,62,55.3,57.8,6.7,513,1546,548,68,2106,22558,20941,1530,443,104,65,670,560,265,217,1,0,19094,87,319,,,,,,,,,,,,,,,,1,391,394,87,670,292,348,9,3,1,1752,503,499,50.2,,,,,,,,,,,,,,,,,,,,,,,,,,,,,,,,90,100,418,84,263,154,17,188,2.34,91,29,62,1.63,76.1,27.9,48.2,1.27,26493,1974,6714,11407,8560,1480,26483,671,283,42.2,304,45.3,16297,81171,41510,821,575,327,525,375,18917,2088,,,,,,,,,,,,,,,,,,,,,,,,,,,,,,,,,,,,,,86,647,209,32.3,17.03,5.5,0.12,0.36,15.8,6,10,10,0.11,9.9,7.5
4,Aston Villa,38,20,8,10,76,61,15,68,1.79,63.3,59.9,3.4,0.09,41858,Ollie Watkins - 19,Emiliano Martínez,→ Champions League via league finish,4,19,12,4,3,48,28,20,40,2.11,39.0,26.3,12.7,0.67,19,8,4,7,28,33,-5,28,1.47,24.3,33.6,-9.3,-0.49,,,,,,,,,,,,,,,,,,,,,,,,,,,,,,,,31,26.9,53.1,38,418,3420,38.0,72,55,127,68,4,4,94,2,63.3,60.3,48.6,108.9,775,1451,1.89,1.45,3.34,1.79,3.24,1.67,1.28,2.95,1.59,2.87,38.0,61,1,1,10,4,61.9,0.36,4.9,0.13,136,380,35.8,1386,176,21.8,27.1,246,31.7,29.5,419,51,12.2,70,1.84,8.4,,,,,,,,,,,,,,,,,,,,,,,,,,,,,,,,,,,,,,,,,,61,1.61,173,115,65.3,20,8,10,8,21.1,2,1,1,0,50.0,,,,,,,,,,,,,,,,,547,311,269,210,68,260,550,47.3,290,389,113,276,236,783,597,13,912,24.0,670,77,47,73,31,14,129,3.39,92,8,8,10,8,3,,,,,,,,,,,,,,,,,,,,,,,,,,,,,,,,,,,,,,,,16133,19363,83.3,281128,95293,7110,7878,90.3,7381,8273,89.2,1330,2368,56.2,55,48.6,42.5,6.4,398,1160,363,67,1451,19363,17499,1817,628,80,95,651,613,231,149,15,2,16133,47,343,,,,,,,,,,,,,,,,0,412,473,47,651,236,311,4,2,4,1619,334,363,47.9,,,,,,,,,,,,,,,,,,,,,,,,,,,,,,,,90,100,418,83,270,151,19,186,1.79,76,61,15,0.39,63.3,59.9,3.4,0.09,23058,2807,8170,9636,5459,1010,23054,757,345,45.6,315,41.6,14450,78599,41219,775,490,217,477,416,15823,1438,,,,,,,,,,,,,,,,,,,,,,,,,,,,,,,,,,,,,,72,511,182,35.6,13.45,4.79,0.13,0.37,16.0,15,4,4,0.12,8.7,7.7
12,Bournemouth,38,13,9,16,54,67,-13,48,1.26,55.9,58.1,-2.2,-0.06,11103,Dominic Solanke - 19,Neto,,12,19,7,6,6,27,28,-1,27,1.42,27.4,24.3,3.1,0.17,19,6,3,10,27,39,-12,21,1.11,28.5,33.8,-5.3,-0.28,,,,,,,,,,,,,,,,,,,,,,,,,,,,,,,,30,25.7,44.4,38,418,3420,38.0,52,39,91,50,2,3,79,3,55.9,53.6,40.5,94.0,709,1314,1.37,1.03,2.39,1.32,2.34,1.47,1.06,2.54,1.41,2.47,38.0,67,6,1,6,1,63.2,0.3,-2.8,-0.07,199,581,34.3,976,177,44.0,41.7,266,57.1,43.9,492,31,6.3,37,0.97,14.8,,,,,,,,,,,,,,,,,,,,,,,,,,,,,,,,,,,,,,,,,,67,1.76,194,127,68.6,13,9,16,9,23.7,7,6,1,0,14.3,,,,,,,,,,,,,,,,,693,410,301,281,111,325,688,47.2,363,504,153,351,357,1050,817,16,952,25.05,700,70,64,57,34,27,83,2.18,62,3,5,6,3,4,,,,,,,,,,,,,,,,,,,,,,,,,,,,,,,,,,,,,,,,11899,15920,74.7,220978,83235,4976,5868,84.8,5270,6214,84.8,1393,2964,47.0,39,40.5,33.7,-1.5,414,1074,352,88,1314,15920,14065,1799,419,48,91,709,774,235,192,9,4,11899,56,361,,,,,,,,,,,,,,,,0,507,376,56,709,357,410,3,7,1,2013,582,671,46.4,,,,,,,,,,,,,,,,,,,,,,,,,,,,,,,,90,100,418,82,247,170,20,171,1.26,54,67,-13,-0.34,55.9,58.1,-2.2,-0.06,20700,2486,6820,8469,5686,1033,20697,872,382,43.8,414,47.5,11015,66369,34635,709,513,240,637,386,11771,1296,,,,,,,,,,,,,,,,,,,,,,,,,,,,,,,,,,,,,,52,539,175,32.5,14.18,4.61,0.09,0.29,16.7,18,2,3,0.1,-3.9,-3.6
16,Brentford,38,10,9,19,56,65,-9,39,1.03,58.2,56.0,2.2,0.06,17082,Yoane Wissa - 12,Mark Flekken,,16,19,5,7,7,29,34,-5,22,1.16,30.8,29.7,1.1,0.06,19,5,2,12,27,31,-4,17,0.89,27.4,26.3,1.2,0.06,,,,,,,,,,,,,,,,,,,,,,,,,,,,,,,,28,26.6,45.2,38,418,3420,38.0,54,38,92,51,3,3,89,2,58.2,56.0,42.7,98.8,505,1283,1.42,1.0,2.42,1.34,2.34,1.53,1.12,2.66,1.47,2.6,38.0,65,2,0,6,0,57.0,0.3,-8.0,-0.21,254,677,37.5,1330,136,37.1,34.5,318,57.5,44.9,605,46,7.6,38,1.0,12.6,,,,,,,,,,,,,,,,,,,,,,,,,,,,,,,,,,,,,,,,,,65,1.71,184,119,65.8,10,9,19,7,18.4,2,2,0,0,0.0,,,,,,,,,,,,,,,,,677,399,349,250,78,317,697,45.5,380,474,142,332,378,1055,903,18,804,21.16,557,102,34,55,42,14,81,2.13,57,7,3,8,6,0,,,,,,,,,,,,,,,,,,,,,,,,,,,,,,,,,,,,,,,,12551,16818,74.6,225971,88492,5616,6628,84.7,5236,6432,81.4,1382,2776,49.8,38,42.7,40.0,-4.7,332,965,333,106,1283,16818,14996,1752,464,70,113,706,683,184,79,51,10,12551,70,357,,,,,,,,,,,,,,,,0,385,419,70,706,378,399,3,2,0,1892,632,607,51.0,,,,,,,,,,,,,,,,,,,,,,,,,,,,,,,,90,100,418,83,247,170,16,172,1.03,56,65,-9,-0.24,58.2,56.0,2.2,0.06,21227,2878,7944,8253,5210,982,21224,577,243,42.1,269,46.6,10970,56621,29411,505,363,156,556,271,12416,1276,,,,,,,,,,,,,,,,,,,,,,,,,,,,,,,,,,,,,,54,470,159,33.8,12.37,4.18,0.11,0.32,15.6,17,3,3,0.12,-4.2,-5.0
11,Brighton,38,12,12,14,55,62,-7,48,1.26,56.8,55.4,1.4,0.04,32638,João Pedro - 9,Bart Verbruggen,,11,19,8,6,5,30,27,3,30,1.58,32.1,25.4,6.8,0.36,19,4,6,9,25,35,-10,18,0.95,24.7,30.1,-5.4,-0.28,,,,,,,,,,,,,,,,,,,,,,,,,,,,,,,,30,25.9,59.8,38,418,3420,38.0,50,36,86,45,5,6,90,3,56.8,52.2,41.6,93.8,864,1780,1.32,0.95,2.26,1.18,2.13,1.49,1.09,2.59,1.37,2.47,38.0,62,6,1,8,2,51.1,0.28,-8.9,-0.23,102,274,37.2,1278,186,20.3,24.4,254,5.9,12.0,405,24,5.9,72,1.89,15.8,,,,,,,,,,,,,,,,,,,,,,,,,,,,,,,,,,,,,,,,,,62,1.63,165,105,66.1,12,12,14,6,15.8,6,6,0,0,0.0,,,,,,,,,,,,,,,,,644,366,292,252,100,307,658,46.7,351,437,140,297,288,932,603,21,1010,26.58,749,87,54,71,38,11,89,2.34,59,5,9,9,6,1,,,,,,,,,,,,,,,,,,,,,,,,,,,,,,,,,,,,,,,,21810,25029,87.1,341060,113686,11574,12473,92.8,8261,9125,90.5,1296,2164,59.9,36,41.6,43.7,-5.6,429,1484,384,81,1780,25029,23334,1611,511,62,76,671,541,206,86,73,5,21810,84,327,,,,,,,,,,,,,,,,0,414,454,84,671,288,366,6,6,2,1751,406,345,54.1,,,,,,,,,,,,,,,,,,,,,,,,,,,,,,,,90,100,418,80,239,176,23,166,1.26,55,62,-7,-0.18,56.8,55.4,1.4,0.04,29112,3197,9449,13090,6766,1081,29106,715,297,41.5,322,45.0,19020,92960,48884,864,584,269,579,342,21577,1767,,,,,,,,,,,,,,,,,,,,,,,,,,,,,,,,,,,,,,50,555,198,35.7,14.61,5.21,0.08,0.23,16.7,11,5,6,0.1,-6.8,-7.2
19,Burnley,38,5,9,24,41,78,-37,24,0.63,40.6,70.4,-29.7,-0.78,21184,Jacob Bruun Larsen - 6,James Trafford,Relegated,19,19,2,4,13,19,43,-24,10,0.53,22.6,29.1,-6.5,-0.34,19,3,5,11,22,35,-13,14,0.74,18.0,41.3,-23.2,-1.22,,,,,,,,,,,,,,,,,,,,,,,,,,,,,,,,31,24.5,47.4,38,418,3420,38.0,40,30,70,37,3,3,77,7,40.6,38.3,29.7,68.0,727,1181,1.05,0.79,1.84,0.97,1.76,1.07,0.78,1.85,1.01,1.79,38.0,78,6,0,11,3,75.8,0.29,0.8,0.02,215,825,26.1,1826,216,35.6,34.3,284,61.6,44.7,562,50,8.9,74,1.95,17.2,,,,,,,,,,,,,,,,,,,,,,,,,,,,,,,,,,,,,,,,,,78,2.05,244,168,70.5,5,9,24,2,5.3,7,6,1,0,14.3,,,,,,,,,,,,,,,,,607,342,282,247,78,284,584,48.6,300,477,169,308,280,887,837,22,757,19.92,549,74,49,45,31,9,74,1.95,55,6,8,2,3,0,,,,,,,,,,,,,,,,,,,,,,,,,,,,,,,,,,,,,,,,13937,17959,77.6,246047,83556,6311,7267,86.8,6017,7042,85.4,1324,2755,48.1,30,29.7,26.6,0.3,326,976,216,54,1181,17959,16189,1694,445,49,77,550,670,180,67,58,9,13937,76,344,,,,,,,,,,,,,,,,3,429,353,76,550,280,342,3,7,3,1727,561,696,44.6,,,,,,,,,,,,,,,,,,,,,,,,,,,,,,,,90,100,418,82,255,162,19,180,0.63,41,78,-37,-0.97,40.6,70.4,-29.7,-0.78,22181,2907,8021,9196,5155,819,22178,699,300,42.9,329,47.1,12244,66914,35421,727,460,240,517,296,13779,1162,,,,,,,,,,,,,,,,,,,,,,,,,,,,,,,,,,,,,,40,430,137,31.9,11.32,3.61,0.09,0.27,17.7,13,3,3,0.09,-0.6,-1.3
6,Chelsea,38,18,9,11,77,63,14,63,1.66,74.5,58.1,16.4,0.43,39524,Cole Palmer - 22,Đorđe Petrović,→ Europa Conference League via league finish,6,19,11,4,4,44,26,18,37,1.95,44.2,24.9,19.2,1.01,19,7,5,7,33,37,-4,26,1.37,30.3,33.1,-2.8,-0.15,,,,,,,,,,,,,,,,,,,,,,,,,,,,,,,,32,24.2,58.6,38,418,3420,38.0,76,51,127,65,11,12,109,4,74.5,65.1,51.4,116.5,873,1615,2.0,1.34,3.34,1.71,3.05,1.96,1.35,3.31,1.71,3.06,38.0,63,3,0,8,3,52.5,0.27,-7.5,-0.2,128,361,35.5,1129,184,22.5,28.1,282,37.9,32.6,514,39,7.6,47,1.24,15.8,,,,,,,,,,,,,,,,,,,,,,,,,,,,,,,,,,,,,,,,,,63,1.66,186,125,67.7,18,9,11,8,21.1,5,3,1,1,25.0,,,,,,,,,,,,,,,,,663,376,325,235,103,323,630,51.3,307,448,166,282,298,961,785,24,980,25.79,720,62,76,46,50,26,133,3.5,89,7,11,10,12,4,,,,,,,,,,,,,,,,,,,,,,,,,,,,,,,,,,,,,,,,20039,23364,85.8,328448,109853,10006,10877,92.0,8176,9060,90.2,1365,2328,58.6,51,51.4,43.1,-0.4,419,1351,352,51,1615,23364,21587,1692,496,116,101,558,611,202,78,55,4,20039,85,348,,,,,,,,,,,,,,,,2,446,451,85,558,298,376,11,5,3,1846,440,402,52.3,,,,,,,,,,,,,,,,,,,,,,,,,,,,,,,,90,100,418,84,267,148,17,193,1.66,77,63,14,0.37,74.5,58.1,16.4,0.43,27725,3035,9367,12068,6558,1039,27713,869,398,45.8,365,42.0,16624,84615,44082,873,543,291,604,370,19899,1600,,,,,,,,,,,,,,,,,,,,,,,,,,,,,,,,,,,,,,76,537,194,36.1,14.13,5.11,0.12,0.34,17.3,22,11,12,0.12,1.5,-0.1
10,Crystal Palace,38,13,10,15,57,58,-1,49,1.29,48.6,52.0,-3.4,-0.09,24932,Jean-Philippe Mateta - 16,Sam Johnstone,,10,19,8,4,7,37,26,11,28,1.47,27.3,20.9,6.5,0.34,19,5,6,8,20,32,-12,21,1.11,21.2,31.1,-9.9,-0.52,,,,,,,,,,,,,,,,,,,,,,,,,,,,,,,,26,26.7,42.3,38,418,3420,38.0,56,43,99,52,4,4,73,2,48.6,45.4,38.7,84.1,506,1176,1.47,1.13,2.61,1.37,2.5,1.28,1.02,2.3,1.2,2.21,38.0,58,3,0,7,2,47.5,0.29,-8.5,-0.22,176,605,29.1,826,115,51.8,41.2,255,69.4,49.2,586,30,5.1,29,0.76,11.2,,,,,,,,,,,,,,,,,,,,,,,,,,,,,,,,,,,,,,,,,,58,1.53,154,98,64.3,13,10,15,10,26.3,3,3,0,0,0.0,,,,,,,,,,,,,,,,,788,464,373,301,114,337,609,55.3,272,456,122,334,323,1111,927,6,794,20.89,554,74,48,50,45,23,103,2.71,85,4,6,2,6,0,,,,,,,,,,,,,,,,,,,,,,,,,,,,,,,,,,,,,,,,12915,16754,77.1,225542,84922,6040,6920,87.3,5338,6287,84.9,1204,2608,46.2,43,38.7,31.5,4.3,353,995,273,60,1176,16754,14948,1734,484,52,97,583,721,178,81,57,6,12915,72,366,,,,,,,,,,,,,,,,2,457,427,72,583,323,464,4,3,2,1909,553,555,49.9,,,,,,,,,,,,,,,,,,,,,,,,,,,,,,,,90,100,418,85,292,126,16,214,1.29,57,58,-1,-0.03,48.6,52.0,-3.4,-0.09,21367,2349,7237,9279,5077,797,21363,737,341,46.3,320,43.4,10943,55546,26838,506,383,170,606,426,12811,1161,,,,,,,,,,,,,,,,,,,,,,,,,,,,,,,,,,,,,,56,452,162,35.8,11.89,4.26,0.12,0.32,17.2,20,4,4,0.1,7.4,6.6
15,Everton,38,13,9,16,40,51,-11,42,1.11,54.0,55.2,-1.2,-0.03,39042,"Abdoulaye Doucouré, Dominic Calvert-Lewin - 7",Jordan Pickford,6-point deduction 1,15,19,8,4,7,22,18,4,28,1.47,32.1,22.5,9.7,0.51,19,5,5,9,18,33,-15,20,1.05,21.9,32.7,-10.8,-0.57,,,,,,,,,,,,,,,,,,,,,,,,,,,,,,,,26,27.1,40.8,38,418,3420,38.0,40,17,57,38,2,3,82,1,54.0,51.6,38.1,89.8,495,1129,1.05,0.45,1.5,1.0,1.45,1.42,1.0,2.43,1.36,2.36,38.0,51,8,0,9,3,52.4,0.28,4.4,0.12,360,901,40.0,1296,141,56.7,41.6,274,60.6,48.2,570,30,5.3,54,1.42,15.9,,,,,,,,,,,,,,,,,,,,,,,,,,,,,,,,,,,,,,,,,,51,1.34,165,117,73.9,13,9,16,13,34.2,8,8,0,0,0.0,,,,,,,,,,,,,,,,,743,442,371,261,111,347,701,49.5,354,479,177,302,358,1101,882,12,854,22.47,592,82,31,76,41,32,60,1.58,33,5,0,13,5,4,,,,,,,,,,,,,,,,,,,,,,,,,,,,,,,,,,,,,,,,11349,15514,73.2,208537,88374,5198,6091,85.3,4386,5405,81.1,1469,3057,48.1,17,38.1,31.8,-21.1,339,958,284,77,1129,15514,13704,1721,409,45,78,752,768,181,140,26,3,11349,89,347,,,,,,,,,,,,,,,,1,457,361,89,752,358,442,2,8,3,1970,676,577,54.0,,,,,,,,,,,,,,,,,,,,,,,,,,,,,,,,90,100,418,85,299,121,19,218,1.26,40,51,-11,-0.29,54.0,55.2,-1.2,-0.03,20053,2568,6792,8180,5283,809,20050,564,250,44.3,267,47.3,9770,52160,25904,495,389,127,560,320,11254,1119,,,,,,,,,,,,,,,,,,,,,,,,,,,,,,,,,,,,,,40,504,152,30.2,13.26,4.0,0.08,0.25,16.7,14,2,3,0.11,-14.0,-13.6
13,Fulham,38,13,8,17,55,61,-6,47,1.24,50.8,62.9,-12.1,-0.32,24302,Rodrigo Muniz - 9,Bernd Leno,,13,19,9,2,8,31,24,7,29,1.53,27.9,27.8,0.1,0.0,19,4,6,9,24,37,-13,18,0.95,22.9,35.1,-12.2,-0.64,,,,,,,,,,,,,,,,,,,,,,,,,,,,,,,,25,28.4,50.6,38,418,3420,38.0,54,40,94,52,2,2,84,4,50.8,49.2,37.6,86.8,670,1467,1.42,1.05,2.47,1.37,2.42,1.34,0.99,2.33,1.3,2.29,38.0,61,8,2,3,4,55.7,0.26,-1.3,-0.03,144,439,32.8,1272,167,25.5,28.5,301,38.2,33.0,472,19,4.0,40,1.05,14.2,,,,,,,,,,,,,,,,,,,,,,,,,,,,,,,,,,,,,,,,,,61,1.61,190,133,72.1,13,8,17,10,26.3,8,8,0,0,0.0,,,,,,,,,,,,,,,,,679,384,339,260,80,346,678,51.0,332,437,117,320,371,1050,744,14,877,23.08,652,79,40,67,24,15,95,2.5,73,6,4,8,3,1,,,,,,,,,,,,,,,,,,,,,,,,,,,,,,,,,,,,,,,,16311,20237,80.6,290238,100538,7028,7907,88.9,7277,8347,87.2,1586,2853,55.6,40,37.6,33.6,2.4,379,1117,355,94,1467,20237,18414,1772,464,58,118,736,696,212,70,98,1,16311,51,421,,,,,,,,,,,,,,,,3,384,364,51,736,371,384,2,8,4,1837,487,509,48.9,,,,,,,,,,,,,,,,,,,,,,,,,,,,,,,,90,100,418,82,244,170,18,171,1.24,55,61,-6,-0.16,50.8,62.9,-12.1,-0.32,24318,2792,8619,10359,5568,849,24316,550,271,49.3,232,42.2,13883,72675,36777,670,508,151,520,325,16183,1452,,,,,,,,,,,,,,,,,,,,,,,,,,,,,,,,,,,,,,54,499,175,35.1,13.13,4.61,0.1,0.3,17.0,14,2,2,0.1,3.2,2.8
3,Liverpool,38,24,10,4,86,41,45,82,2.16,87.8,45.7,42.0,1.11,55979,Mohamed Salah - 18,Alisson,→ Champions League via league finish,3,19,15,3,1,49,17,32,48,2.53,54.7,17.6,37.1,1.95,19,9,7,3,37,24,13,34,1.79,33.0,28.1,4.9,0.26,,,,,,,,,,,,,,,,,,,,,,,,,,,,,,,,30,26.3,61.3,38,418,3420,38.0,80,60,140,74,6,9,69,5,87.8,80.4,63.7,144.1,924,2110,2.11,1.58,3.68,1.95,3.53,2.31,1.68,3.98,2.12,3.79,38.0,41,1,0,7,2,40.0,0.27,1.0,0.03,92,285,32.3,1348,192,17.0,24.7,228,24.6,27.5,376,18,4.8,46,1.21,17.7,,,,,,,,,,,,,,,,,,,,,,,,,,,,,,,,,,,,,,,,,,41,1.08,147,108,72.8,24,10,4,10,26.3,1,1,0,0,0.0,,,,,,,,,,,,,,,,,677,418,274,290,113,341,768,44.4,427,475,108,367,292,969,583,19,1388,36.53,1045,116,66,101,43,17,131,3.45,96,8,9,10,7,1,,,,,,,,,,,,,,,,,,,,,,,,,,,,,,,,,,,,,,,,20376,24379,83.6,346550,118702,9656,10641,90.7,8627,9763,88.4,1637,2814,58.2,60,63.7,55.6,-3.7,598,1666,506,80,2110,24379,22490,1789,440,102,145,817,755,287,86,171,2,20376,100,371,,,,,,,,,,,,,,,,2,463,376,100,817,292,418,8,1,2,2034,583,441,56.9,,,,,,,,,,,,,,,,,,,,,,,,,,,,,,,,90,100,418,82,248,166,20,176,2.16,86,41,45,1.18,87.8,45.7,42.0,1.11,28764,2193,7390,13756,7869,1422,28755,737,331,44.9,331,44.9,17894,92424,48244,924,694,295,574,407,20230,2091,,,,,,,,,,,,,,,,,,,,,,,,,,,,,,,,,,,,,,80,781,263,33.7,20.55,6.92,0.09,0.28,17.2,18,6,9,0.11,-7.8,-6.4
18,Luton Town,38,6,8,24,52,85,-33,26,0.68,42.4,78.0,-35.5,-0.94,11240,Carlton Morris - 11,Thomas Kaminski,Relegated,18,19,4,4,11,28,37,-9,16,0.84,25.8,31.1,-5.3,-0.28,19,2,4,13,24,48,-24,10,0.53,16.6,46.9,-30.2,-1.59,,,,,,,,,,,,,,,,,,,,,,,,,,,,,,,,28,26.7,42.4,38,418,3420,38.0,49,33,82,44,5,5,71,0,42.4,38.6,29.5,68.2,675,1113,1.29,0.87,2.16,1.16,2.03,1.12,0.78,1.89,1.02,1.79,38.0,85,4,0,13,4,77.7,0.34,-3.3,-0.09,274,814,33.7,1122,151,52.4,50.8,349,64.8,46.8,561,16,2.9,77,2.03,19.0,,,,,,,,,,,,,,,,,,,,,,,,,,,,,,,,,,,,,,,,,,85,2.24,223,142,63.7,6,8,24,2,5.3,4,4,0,0,0.0,,,,,,,,,,,,,,,,,654,368,330,236,88,299,616,48.5,317,493,183,310,325,979,916,21,749,19.71,504,73,59,55,46,12,81,2.13,46,7,6,16,6,0,,,,,,,,,,,,,,,,,,,,,,,,,,,,,,,,,,,,,,,,11048,15099,73.2,201475,81352,4969,5784,85.9,4443,5431,81.8,1289,2879,44.8,33,29.5,27.5,3.5,315,835,250,90,1113,15099,13156,1876,498,22,111,841,703,203,93,101,5,11048,67,413,,,,,,,,,,,,,,,,0,443,448,67,841,325,368,2,4,4,1868,635,631,50.2,,,,,,,,,,,,,,,,,,,,,,,,,,,,,,,,90,100,418,82,260,158,20,184,0.68,52,85,-33,-0.87,42.4,78.0,-35.5,-0.94,19656,2630,7028,7906,4964,780,19651,771,354,45.9,331,42.9,10070,59990,29813,675,480,169,580,385,10911,1094,,,,,,,,,,,,,,,,,,,,,,,,,,,,,,,,,,,,,,49,427,134,31.4,11.24,3.53,0.1,0.33,16.3,11,5,5,0.09,6.6,5.4
1,Manchester City,38,28,7,3,96,34,62,91,2.39,80.5,35.6,44.9,1.18,53012,Erling Haaland - 27,Ederson,→ Champions League via league finish,1,19,14,5,0,51,16,35,47,2.47,40.7,14.0,26.7,1.41,19,14,2,3,45,18,27,44,2.32,39.8,21.6,18.2,0.96,,,,,,,,,,,,,,,,,,,,,,,,,,,,,,,,25,26.6,65.2,38,418,3420,38.0,94,69,163,85,9,10,53,2,80.5,72.9,60.2,133.1,1127,2060,2.47,1.82,4.29,2.24,4.05,2.12,1.58,3.7,1.92,3.5,38.0,34,3,0,3,1,36.2,0.31,3.2,0.08,142,314,45.2,1342,161,19.7,27.2,158,31.0,31.9,312,31,9.9,63,1.66,17.3,,,,,,,,,,,,,,,,,,,,,,,,,,,,,,,,,,,,,,,,,,34,0.89,109,76,71.6,28,7,3,13,34.2,3,3,0,0,0.0,,,,,,,,,,,,,,,,,517,305,183,221,113,222,458,48.5,236,353,75,278,233,750,457,17,1259,33.13,991,65,65,67,54,17,169,4.45,125,5,14,10,13,2,,,,,,,,,,,,,,,,,,,,,,,,,,,,,,,,,,,,,,,,24616,27758,88.7,394064,112270,12895,13721,94.0,9449,10306,91.7,1652,2498,66.1,69,60.2,62.1,8.8,545,1890,484,65,2060,27758,26136,1580,460,85,133,700,604,286,114,66,7,24616,42,383,,,,,,,,,,,,,,,,1,289,410,42,700,233,305,8,3,1,1734,325,288,53.0,,,,,,,,,,,,,,,,,,,,,,,,,,,,,,,,90,100,418,85,301,115,19,221,2.39,96,34,62,1.63,80.5,35.6,44.9,1.18,31414,2162,7012,14348,10260,1466,31404,731,377,51.6,282,38.6,20210,105397,58071,1127,867,415,441,356,24343,2032,,,,,,,,,,,,,,,,,,,,,,,,,,,,,,,,,,,,,,94,683,264,38.7,17.97,6.95,0.12,0.32,17.1,25,9,10,0.11,13.5,12.1
8,Manchester Utd,38,18,6,14,57,58,-1,60,1.58,56.5,68.9,-12.5,-0.33,73533,"Rasmus Højlund, Bruno Fernandes - 10",André Onana,→ Europa League via cup win,8,19,10,3,6,31,28,3,33,1.74,32.3,31.5,0.8,0.04,19,8,3,8,26,30,-4,27,1.42,24.1,37.4,-13.2,-0.7,,,,,,,,,,,,,,,,,,,,,,,,,,,,,,,,31,26.1,50.6,38,418,3420,38.0,57,36,93,51,6,7,83,1,56.5,51.0,40.1,91.0,759,1479,1.5,0.95,2.45,1.34,2.29,1.49,1.06,2.54,1.34,2.4,38.0,58,7,1,11,1,59.1,0.27,2.1,0.06,149,513,29.0,1184,140,35.4,31.2,329,28.6,26.0,601,42,7.0,37,0.97,12.9,,,,,,,,,,,,,,,,,,,,,,,,,,,,,,,,,,,,,,,,,,58,1.53,203,146,74.9,18,6,14,9,23.7,7,7,0,0,0.0,,,,,,,,,,,,,,,,,676,409,334,240,102,349,715,48.8,366,534,207,327,313,989,884,12,989,26.03,743,79,55,52,38,22,98,2.58,68,4,8,7,6,5,,,,,,,,,,,,,,,,,,,,,,,,,,,,,,,,,,,,,,,,15785,19538,80.8,260507,91226,7892,8866,89.0,5965,6943,85.9,1355,2517,53.8,36,40.1,34.6,-4.1,434,1202,338,50,1479,19538,17784,1663,371,73,99,594,643,224,70,86,10,15785,91,372,,,,,,,,,,,,,,,,1,401,340,91,594,313,409,6,7,1,1851,436,450,49.2,,,,,,,,,,,,,,,,,,,,,,,,,,,,,,,,90,100,418,84,266,153,17,189,1.58,57,58,-1,-0.03,56.5,68.9,-12.5,-0.33,23997,2938,8197,9856,6145,1025,23990,697,311,44.6,303,43.5,13976,75395,39607,759,523,275,484,342,15594,1467,,,,,,,,,,,,,,,,,,,,,,,,,,,,,,,,,,,,,,57,543,182,33.5,14.29,4.79,0.09,0.28,17.4,15,6,7,0.1,0.5,0.0
7,Newcastle Utd,38,18,6,14,85,62,23,60,1.58,76.0,61.4,14.6,0.38,52125,Alexander Isak - 21,Martin Dúbravka,,7,19,12,4,3,49,22,27,40,2.11,46.4,25.0,21.4,1.12,19,6,2,11,36,40,-4,20,1.05,29.6,36.4,-6.7,-0.36,,,,,,,,,,,,,,,,,,,,,,,,,,,,,,,,32,27.2,52.2,38,418,3420,38.0,83,55,138,75,8,9,79,1,76.0,69.0,51.3,120.3,737,1557,2.18,1.45,3.63,1.97,3.42,2.0,1.35,3.35,1.82,3.17,38.0,62,4,1,8,1,61.0,0.29,0.0,0.0,100,301,33.2,803,236,18.8,36.3,281,53.4,40.5,449,30,6.7,53,1.39,19.5,,,,,,,,,,,,,,,,,,,,,,,,,,,,,,,,,,,,,,,,,,62,1.63,195,133,70.3,18,6,14,10,26.3,5,4,1,0,20.0,,,,,,,,,,,,,,,,,661,391,316,254,91,302,681,44.3,379,497,151,346,285,946,682,16,983,25.87,713,69,72,67,46,16,144,3.79,90,7,18,13,13,3,,,,,,,,,,,,,,,,,,,,,,,,,,,,,,,,,,,,,,,,16117,19852,81.2,274265,96401,7681,8623,89.1,6722,7757,86.7,1358,2504,54.2,55,51.3,43.5,3.7,424,1107,380,76,1557,19852,18026,1767,515,85,133,648,679,192,75,60,9,16117,59,364,,,,,,,,,,,,,,,,1,386,469,59,648,285,391,9,5,1,1836,453,418,52.0,,,,,,,,,,,,,,,,,,,,,,,,,,,,,,,,90,100,418,83,272,149,19,193,1.58,85,62,23,0.61,76.0,61.4,14.6,0.38,24004,2447,8084,10144,6004,1094,23996,730,355,48.6,288,39.5,13649,73443,36585,737,507,243,506,400,15994,1545,,,,,,,,,,,,,,,,,,,,,,,,,,,,,,,,,,,,,,83,542,196,36.2,14.26,5.16,0.14,0.38,15.7,9,8,9,0.13,7.0,6.0
17,Nott'ham Forest,38,9,9,20,49,67,-18,32,0.84,49.9,53.2,-3.3,-0.09,29386,Chris Wood - 14,Matt Turner,4-point deduction 2,17,19,5,5,9,27,30,-3,20,1.05,25.0,21.8,3.2,0.17,19,4,4,11,22,37,-15,16,0.84,25.0,31.4,-6.5,-0.34,,,,,,,,,,,,,,,,,,,,,,,,,,,,,,,,33,25.7,40.6,38,418,3420,38.0,49,43,92,48,1,1,82,3,49.9,49.1,38.0,87.1,604,1140,1.29,1.13,2.42,1.26,2.39,1.31,1.0,2.31,1.29,2.29,38.0,67,4,1,15,2,47.2,0.27,-17.8,-0.47,229,519,44.1,818,171,42.5,35.7,304,56.3,41.4,611,44,7.2,24,0.63,13.3,,,,,,,,,,,,,,,,,,,,,,,,,,,,,,,,,,,,,,,,,,67,1.76,163,98,61.3,9,9,20,4,10.5,4,4,0,0,0.0,,,,,,,,,,,,,,,,,728,429,437,219,72,325,607,53.5,282,488,168,320,331,1059,968,13,783,20.61,566,67,49,56,32,13,90,2.37,70,5,7,3,3,2,,,,,,,,,,,,,,,,,,,,,,,,,,,,,,,,,,,,,,,,11873,15673,75.8,209938,83047,5506,6412,85.9,4763,5857,81.3,1262,2490,50.7,43,38.0,27.9,5.0,325,905,244,61,1140,15673,13969,1627,409,53,83,595,661,148,80,55,0,11873,77,315,,,,,,,,,,,,,,,,2,428,371,77,595,331,429,1,4,2,1807,583,556,51.2,,,,,,,,,,,,,,,,,,,,,,,,,,,,,,,,90,100,418,83,257,158,18,182,0.95,49,67,-18,-0.47,49.9,53.2,-3.3,-0.09,20118,2495,7340,8310,4686,785,20117,603,275,45.6,268,44.4,10216,54782,29231,604,396,156,527,286,11779,1122,,,,,,,,,,,,,,,,,,,,,,,,,,,,,,,,,,,,,,49,450,143,31.8,11.84,3.76,0.11,0.34,17.2,7,1,1,0.11,-0.9,-1.1
20,Sheffield Utd,38,3,7,28,35,104,-69,16,0.42,38.3,76.7,-38.4,-1.01,30011,"Oliver McBurnie, Ben Brereton - 6",Wes Foderingham,Relegated,20,19,2,4,13,19,57,-38,10,0.53,24.2,37.8,-13.6,-0.72,19,1,3,15,16,47,-31,6,0.32,14.0,38.8,-24.8,-1.3,,,,,,,,,,,,,,,,,,,,,,,,,,,,,,,,35,25.7,35.8,38,418,3420,38.0,31,18,49,26,5,5,101,5,38.3,34.4,25.8,60.2,343,884,0.82,0.47,1.29,0.68,1.16,1.01,0.68,1.69,0.91,1.58,38.0,104,5,0,12,7,85.2,0.31,-11.8,-0.31,271,818,33.1,988,126,55.3,41.2,352,77.3,54.0,661,39,5.9,56,1.47,14.4,,,,,,,,,,,,,,,,,,,,,,,,,,,,,,,,,,,,,,,,,,104,2.74,263,166,62.4,3,7,28,1,2.6,7,5,0,2,0.0,,,,,,,,,,,,,,,,,709,405,375,248,86,299,635,47.1,336,514,180,334,348,1057,1042,18,601,15.82,425,59,39,45,22,11,48,1.26,32,2,4,6,3,1,,,,,,,,,,,,,,,,,,,,,,,,,,,,,,,,,,,,,,,,9521,13498,70.5,169803,71320,4486,5347,83.9,3733,4691,79.6,1044,2630,39.7,18,25.8,21.0,-7.8,257,701,198,48,884,13498,11753,1681,380,25,52,428,666,141,70,47,6,9521,64,321,,,,,,,,,,,,,,,,3,423,318,64,428,348,405,3,7,7,1638,585,693,45.8,,,,,,,,,,,,,,,,,,,,,,,,,,,,,,,,90,100,418,81,263,152,23,188,0.42,35,104,-69,-1.82,38.3,76.7,-38.4,-1.01,17940,2814,7150,7140,3830,646,17935,578,250,43.3,285,49.3,8313,43259,20339,343,287,127,489,323,9445,874,,,,,,,,,,,,,,,,,,,,,,,,,,,,,,,,,,,,,,31,360,117,32.5,9.47,3.08,0.07,0.22,17.4,8,5,5,0.1,-7.3,-8.4
5,Tottenham,38,20,6,12,74,61,13,66,1.74,68.2,63.4,4.8,0.13,61482,Son Heung-min - 17,Guglielmo Vicario,→ Europa League via league finish,5,19,13,0,6,38,27,11,39,2.05,39.2,29.3,9.9,0.52,19,7,6,6,36,34,2,27,1.42,28.9,34.1,-5.2,-0.27,,,,,,,,,,,,,,,,,,,,,,,,,,,,,,,,29,25.2,61.6,38,418,3420,38.0,69,58,127,67,2,2,92,4,68.2,66.7,57.4,124.1,957,2107,1.82,1.53,3.34,1.76,3.29,1.79,1.51,3.31,1.75,3.27,38.0,61,7,1,8,3,60.0,0.32,2.0,0.05,53,225,23.6,1308,193,14.9,24.0,256,11.7,19.4,511,33,6.5,81,2.13,17.1,,,,,,,,,,,,,,,,,,,,,,,,,,,,,,,,,,,,,,,,,,61,1.61,167,109,67.7,20,6,12,7,18.4,7,7,0,0,0.0,,,,,,,,,,,,,,,,,724,451,335,264,125,360,691,52.1,331,445,132,313,355,1079,707,24,1053,27.71,818,60,60,61,31,23,122,3.21,96,7,7,5,3,4,,,,,,,,,,,,,,,,,,,,,,,,,,,,,,,,,,,,,,,,20649,24197,85.3,326221,111380,10630,11617,91.5,8361,9345,89.5,1089,1905,57.2,58,57.4,52.1,0.6,460,1588,454,65,2107,24197,22167,1947,636,91,59,710,723,234,93,70,1,20649,83,480,,,,,,,,,,,,,,,,2,425,510,83,710,355,451,2,7,3,1907,359,388,48.1,,,,,,,,,,,,,,,,,,,,,,,,,,,,,,,,90,100,418,82,244,170,19,170,1.74,74,61,13,0.34,68.2,63.4,4.8,0.13,28529,2791,8519,12260,8011,1316,28527,812,359,44.2,363,44.7,18081,92767,46593,957,634,349,559,375,20481,2097,,,,,,,,,,,,,,,,,,,,,,,,,,,,,,,,,,,,,,69,582,207,35.6,15.32,5.45,0.12,0.32,16.5,11,2,2,0.12,0.8,0.3
9,West Ham,38,14,10,14,60,74,-14,52,1.37,52.3,71.1,-18.8,-0.49,62567,Jarrod Bowen - 16,Alphonse Areola,,9,19,7,8,4,31,28,3,29,1.53,26.3,29.7,-3.5,-0.18,19,7,2,10,29,46,-17,23,1.21,26.1,41.4,-15.3,-0.8,,,,,,,,,,,,,,,,,,,,,,,,,,,,,,,,26,28.3,41.1,38,418,3420,38.0,58,40,98,54,4,5,82,3,52.3,48.4,34.8,83.2,556,1207,1.53,1.05,2.58,1.42,2.47,1.38,0.92,2.29,1.27,2.19,38.0,74,8,0,6,4,72.0,0.26,2.0,0.05,210,553,38.0,793,188,46.8,39.0,307,59.3,43.4,582,35,6.0,8,0.21,7.6,,,,,,,,,,,,,,,,,,,,,,,,,,,,,,,,,,,,,,,,,,74,1.95,241,169,72.6,14,10,14,5,13.2,10,8,2,0,20.0,,,,,,,,,,,,,,,,,684,426,350,254,80,307,607,50.6,300,487,180,307,361,1045,906,9,782,20.58,518,91,58,43,47,25,104,2.74,70,11,8,8,4,3,,,,,,,,,,,,,,,,,,,,,,,,,,,,,,,,,,,,,,,,12568,16373,76.8,219336,85575,6043,6856,88.1,4817,5751,83.8,1330,2718,48.9,40,34.8,30.8,5.2,305,979,225,71,1207,16373,14568,1734,429,60,158,661,721,165,93,61,0,12568,71,411,,,,,,,,,,,,,,,,3,390,392,71,661,361,426,4,10,4,1817,576,570,50.3,,,,,,,,,,,,,,,,,,,,,,,,,,,,,,,,90,100,418,85,307,109,17,233,1.37,60,74,-14,-0.37,52.3,71.1,-18.8,-0.49,20875,2605,7301,9100,4692,750,20869,745,353,47.4,321,43.1,11184,60658,28802,556,369,168,515,397,12459,1192,,,,,,,,,,,,,,,,,,,,,,,,,,,,,,,,,,,,,,58,445,146,32.8,11.71,3.84,0.12,0.37,16.2,17,4,5,0.11,5.7,5.6
14,Wolves,38,13,7,18,50,65,-15,46,1.21,46.7,67.7,-21.0,-0.55,31029,"Hwang Hee-chan, Matheus Cunha - 12",José Sá,,14,19,8,3,8,26,30,-4,27,1.42,23.2,30.5,-7.2,-0.38,19,5,4,10,24,35,-11,19,1.0,23.5,37.2,-13.7,-0.72,,,,,,,,,,,,,,,,,,,,,,,,,,,,,,,,27,26.6,48.9,38,418,3420,38.0,47,36,83,43,4,4,102,4,46.7,43.6,31.8,75.4,671,1180,1.24,0.95,2.18,1.13,2.08,1.23,0.84,2.07,1.15,1.98,38.0,65,8,1,7,1,71.7,0.32,7.7,0.2,100,480,20.8,933,199,34.3,33.8,305,52.5,40.0,572,45,7.9,31,0.82,13.3,,,,,,,,,,,,,,,,,,,,,,,,,,,,,,,,,,,,,,,,,,65,1.71,203,139,71.9,13,7,18,5,13.2,8,8,0,0,0.0,,,,,,,,,,,,,,,,,739,430,415,247,77,312,607,51.4,295,506,173,333,284,1023,828,16,743,19.55,519,67,53,47,42,15,81,2.13,52,7,7,6,7,2,,,,,,,,,,,,,,,,,,,,,,,,,,,,,,,,,,,,,,,,15484,19175,80.8,255933,84649,7694,8577,89.7,6100,7016,86.9,1218,2527,48.2,36,31.8,27.6,4.2,316,910,239,61,1180,19175,17409,1688,439,49,125,578,684,156,75,41,15,15484,78,333,,,,,,,,,,,,,,,,2,476,405,78,578,284,430,4,8,1,1885,441,491,47.3,,,,,,,,,,,,,,,,,,,,,,,,,,,,,,,,90,100,418,83,268,146,20,196,1.21,50,65,-15,-0.39,46.7,67.7,-21.0,-0.55,23485,2823,8674,10262,4804,739,23481,823,415,50.4,324,39.4,13056,71348,36731,671,519,168,536,389,15350,1163,,,,,,,,,,,,,,,,,,,,,,,,,,,,,,,,,,,,,,47,425,153,36.0,11.18,4.03,0.1,0.28,16.7,12,4,4,0.11,0.3,-0.6
